campo,palavra
Medo e coragem,medo
Medo e coragem,coragem
Medo e coragem,pânico
Medo e coragem,bravura
Medo e coragem,pavor
Medo e coragem,esperança
Guerra e resistência,guerra
Guerra e resistência,batalha
Guerra e resistência,luta
Guerra e resistência,resistência
Guerra e resistência,rendição
Guerra e resistência,sangue
Democracia e povo,democracia
Democracia e povo,liberdade
Democracia e povo,povo
Democracia e povo,voto
Democracia e povo,ditadura
Democracia e povo,igualdade
Pátria e união,pátria
Pátria e união,nação
Pátria e união,país
Pátria e união,união
Pátria e união,independência
Pátria e união,bandeira
Justiça e corrupção,corrupção
Justiça e corrupção,injustiça
Justiça e corrupção,honestidade
Justiça e corrupção,desonra
Justiça e corrupção,justiça
Justiça e corrupção,vergonha
Progresso e trabalho,progresso
Progresso e trabalho,desenvolvimento
Progresso e trabalho,trabalho
Progresso e trabalho,esforço
Progresso e trabalho,futuro
Progresso e trabalho,conquista
Fora do tema,futebol
Fora do tema,chocolate
Fora do tema,praia
Fora do tema,computador
Fora do tema,gato
Fora do tema,receita
